join_field,rel_path
MR-26_521,pdf/MR-26_521.pdf
MR-27_133,pdf/MR-27_133.pdf
MR-27_233,pdf/MR-27_233.pdf
MR-27_247,pdf/MR-27_247.pdf
MR-27_529,pdf/MR-27_529.pdf
MR-29_543,pdf/MR-29_543.pdf
MR-48_499,pdf/MR-48_499.pdf
MR-49_179,pdf/MR-49_179.pdf
MR-58_384,pdf/MR-58_384.pdf
PB-G_127,pdf/PB-G_127.pdf
PB-H_32,pdf/PB-H_32.pdf
PB-H_48,pdf/PB-H_48.pdf
PB-H_52,pdf/PB-H_52.pdf
PB-H_56,pdf/PB-H_56.pdf
PB-H_66,pdf/PB-H_66.pdf
PB-H_68,pdf/PB-H_68.pdf
PB-H_84,pdf/PB-H_84.pdf
PB-H_88,pdf/PB-H_88.pdf
PB-H_96,pdf/PB-H_96.pdf
PB-H_100,pdf/PB-H_100.pdf
PB-H_172,pdf/PB-H_172.pdf
PB-H_200,pdf/PB-H_200.pdf
PB-H_208,pdf/PB-H_208.pdf
PB-I_8,pdf/PB-I_8.pdf
PB-I_48,pdf/PB-I_48.pdf
PB-I_96,pdf/PB-I_96.pdf
PB-I_148,pdf/PB-I_148.pdf
PB-I_160,pdf/PB-I_160.pdf
PB-I_171,pdf/PB-I_171.pdf
DB-90_605,pdf/DB-90_605.pdf
MR-2_399,pdf/MR-2_399.pdf
MR-15_121,pdf/MR-15_121.pdf
MR-15_496,pdf/MR-15_496.pdf
MR-18_443,pdf/MR-18_443.pdf
MR-18_445,pdf/MR-18_445.pdf
MR-21_327,pdf/MR-21_327.pdf
MR-21_341,pdf/MR-21_341.pdf
MR-21_403,pdf/MR-21_403.pdf
MR-21_467,pdf/MR-21_467.pdf
MR-22_107,pdf/MR-22_107.pdf
MR-24_467,pdf/MR-24_467.pdf
MR-24_489,pdf/MR-24_489.pdf
MR-26_239,pdf/MR-26_239.pdf
PB-H_118,pdf/old/PB-H_118.pdf
PB-H_108,pdf/old/PB-H_108.pdf
PB-H_92,pdf/old/PB-H_92.pdf
PB-H_37,pdf/old/PB-H_37.pdf
PB-G_191,pdf/old/PB-G_191.pdf
PB-G_150,pdf/old/PB-G_150.pdf
PB-G_138,pdf/old/PB-G_138.pdf
MR-36_25,pdf/old/MR-36_25.pdf
MR-28_131,pdf/old/MR-28_131.pdf
MR-28_81,pdf/old/MR-28_81.pdf
MR-27_463,pdf/old/MR-27_463.pdf
MR-26_121,pdf/old/MR-26_121.pdf
MR-7_148,pdf/old/MR-7_148.pdf
MR-4_539,pdf/old/MR-4_539.pdf
MR-2_232,pdf/old/MR-2_232.pdf
DB-49_579,pdf/old/DB-49_579.pdf
PB-I_155,pdf/old/PB-I_155.pdf
PB-H_219,pdf/old/PB-H_219.pdf
PB-H_204,pdf/old/PB-H_204.pdf
PB-H_162,pdf/old/PB-H_162.pdf
PB-H_155,pdf/old/PB-H_155.pdf
PB-H_128,pdf/old/PB-H_128.pdf
